{"cameraMode":{"drawMode":0,"name":"Shaded","section":"Shading Mode"},"sceneLighting":true,"audioPlay":false,"sceneViewState":{"showFog":true,"showMaterialUpdate":false,"showSkybox":true,"showFlares":true,"showImageEffects":true,"showParticleSystems":true},"in2DMode":false,"pivot":{"x":0.35257795453071597,"y":-0.3800402283668518,"z":-0.3155248761177063},"rotation":{"x":-0.24521130323410035,"y":-0.09666728973388672,"z":0.024577993899583818,"w":-0.964341938495636},"size":20.572664260864259,"orthographic":false}